{
	"configs" : [
		{
			"remarks" : "限速账号 vps 5",
			"id" : "49FD149F71478DA1B14CE2E0C16C6B14",
			"server" : "107.182.176.89",
			"server_port" : 8080,
			"server_udp_port" : 0,
			"password" : "x{Fq^sSA",
			"method" : "none",
			"protocol" : "auth_chain_a",
			"protocolparam" : "",
			"obfs" : "tls1.2_ticket_auth",
			"obfsparam" : "",
			"remarks_base64" : "6ZmQ6YCf6LSm5Y-3IHZwcyA1",
			"group" : "FreeSSR-public",
			"enable" : true,
			"udp_over_tcp" : false,
			"latency" : -2
		},
		{
			"remarks" : "半限速账号 vps 17-2",
			"id" : "32C4D74A2023431BE6F939B2D8A0ABBF",
			"server" : "13.67.116.45",
			"server_port" : 52135,
			"server_udp_port" : 0,
			"password" : "==_saA&8",
			"method" : "aes-128-ctr",
			"protocol" : "auth_aes128_md5",
			"protocolparam" : "",
			"obfs" : "tls1.2_ticket_auth",
			"obfsparam" : "",
			"remarks_base64" : "5Y2K6ZmQ6YCf6LSm5Y-3IHZwcyAxNy0y",
			"group" : "FreeSSR-public",
			"enable" : true,
			"udp_over_tcp" : false,
			"latency" : -2
		},
		{
			"remarks" : "不限速账号 share 7",
			"id" : "B4C8D410AF739C98C1E606421ED391F5",
			"server" : "213.183.48.71",
			"server_port" : 1080,
			"server_udp_port" : 0,
			"password" : "ssr",
			"method" : "none",
			"protocol" : "auth_chain_a",
			"protocolparam" : "",
			"obfs" : "tls1.2_ticket_auth",
			"obfsparam" : "",
			"remarks_base64" : "5LiN6ZmQ6YCf6LSm5Y-3IHNoYXJlIDc",
			"group" : "FreeSSR-public",
			"enable" : true,
			"udp_over_tcp" : false,
			"latency" : 1681
		},
		{
			"remarks" : "限速账号 vps 7",
			"id" : "C6BF72CC4D4880BB9CF5C216B5A5EE42",
			"server" : "104.160.40.75",
			"server_port" : 51127,
			"server_udp_port" : 0,
			"password" : "{MMYEFSO",
			"method" : "aes-128-ctr",
			"protocol" : "auth_aes128_md5",
			"protocolparam" : "",
			"obfs" : "tls1.2_ticket_auth",
			"obfsparam" : "",
			"remarks_base64" : "6ZmQ6YCf6LSm5Y-3IHZwcyA3",
			"group" : "FreeSSR-public",
			"enable" : true,
			"udp_over_tcp" : false,
			"latency" : -2
		},
		{
			"remarks" : "限速账号 幻梦 vps 8",
			"id" : "9A01A8FFB1771FFF6159E3725F6B3378",
			"server" : "172.104.96.109",
			"server_port" : 80,
			"server_udp_port" : 0,
			"password" : ")Io=KDQ1",
			"method" : "none",
			"protocol" : "auth_chain_a",
			"protocolparam" : "",
			"obfs" : "http_simple",
			"obfsparam" : "172.104.96.109",
			"remarks_base64" : "6ZmQ6YCf6LSm5Y-3IOW5u-aipiB2cHMgOA",
			"group" : "FreeSSR-public",
			"enable" : true,
			"udp_over_tcp" : false,
			"latency" : -2
		},
		{
			"remarks" : "剩余流量：100.00% 60GB",
			"id" : "9A2E45109F97B20570B3D2E37F162907",
			"server" : "www.google.com",
			"server_port" : 1,
			"server_udp_port" : 0,
			"password" : "breakwall",
			"method" : "chacha20",
			"protocol" : "auth_chain_a",
			"protocolparam" : "",
			"obfs" : "tls1.2_ticket_auth",
			"obfsparam" : "",
			"remarks_base64" : "5Ymp5L2Z5rWB6YeP77yaMTAwLjAwJSA2MEdC",
			"group" : "QWQ遊戲加速器",
			"enable" : true,
			"udp_over_tcp" : false,
			"latency" : -2
		},
		{
			"remarks" : "过期时间：2019-04-09 16:48:44",
			"id" : "EC2FC390B45789A884635398FF579AC1",
			"server" : "www.google.com",
			"server_port" : 2,
			"server_udp_port" : 0,
			"password" : "breakwall",
			"method" : "chacha20",
			"protocol" : "auth_chain_a",
			"protocolparam" : "",
			"obfs" : "tls1.2_ticket_auth",
			"obfsparam" : "",
			"remarks_base64" : "6L-H5pyf5pe26Ze077yaMjAxOS0wNC0wOSAxNjo0ODo0NA",
			"group" : "QWQ遊戲加速器",
			"enable" : true,
			"udp_over_tcp" : false,
			"latency" : -2
		},
		{
			"remarks" : "1.自动分配",
			"id" : "7FA9D90B8D93465671D13891A3011D6F",
			"server" : "auto.qwqjsq.top",
			"server_port" : 16537,
			"server_udp_port" : 0,
			"password" : "s35F7N",
			"method" : "chacha20",
			"protocol" : "origin",
			"protocolparam" : "",
			"obfs" : "plain",
			"obfsparam" : "",
			"remarks_base64" : "MS7oh6rliqjliIbphY0",
			"group" : "QWQ遊戲加速器",
			"enable" : true,
			"udp_over_tcp" : false,
			"latency" : 219
		},
		{
			"remarks" : "【推荐】台湾彰化Hinet",
			"id" : "87BC06B3553B3C685447CBF48AE82306",
			"server" : "s3.qwqjsq.top",
			"server_port" : 16537,
			"server_udp_port" : 0,
			"password" : "s35F7N",
			"method" : "chacha20",
			"protocol" : "origin",
			"protocolparam" : "",
			"obfs" : "plain",
			"obfsparam" : "",
			"remarks_base64" : "44CQ5o6o6I2Q44CR5Y-w5rm-5b2w5YyWSGluZXQ",
			"group" : "QWQ遊戲加速器",
			"enable" : true,
			"udp_over_tcp" : false,
			"latency" : 1226
		},
		{
			"remarks" : "【推荐】香港HKT",
			"id" : "66F6556240B3286AFC2E59770E841F3E",
			"server" : "s9.qwqjsq.top",
			"server_port" : 16537,
			"server_udp_port" : 0,
			"password" : "s35F7N",
			"method" : "chacha20",
			"protocol" : "origin",
			"protocolparam" : "",
			"obfs" : "plain",
			"obfsparam" : "",
			"remarks_base64" : "44CQ5o6o6I2Q44CR6aaZ5rivSEtU",
			"group" : "QWQ遊戲加速器",
			"enable" : true,
			"udp_over_tcp" : false,
			"latency" : 34
		},
		{
			"remarks" : "中国 深圳專綫中轉起點 - 香港 7 Azure",
			"id" : "940E3453A17A39E22FFDAC8A5E711637",
			"server" : "s14.qwqjsq.top",
			"server_port" : 16537,
			"server_udp_port" : 0,
			"password" : "s35F7N",
			"method" : "chacha20",
			"protocol" : "origin",
			"protocolparam" : "",
			"obfs" : "plain",
			"obfsparam" : "",
			"remarks_base64" : "5Lit5Zu9IOa3seWcs-WwiOe2q-S4rei9iei1t-m7niAtIOmmmea4ryA3IEF6dXJl",
			"group" : "QWQ遊戲加速器",
			"enable" : true,
			"udp_over_tcp" : false,
			"latency" : 19
		},
		{
			"remarks" : "俄罗斯 新西伯利亚直连",
			"id" : "D658552A111CAB33610A645D7632FAA1",
			"server" : "s12.qwqjsq.top",
			"server_port" : 16537,
			"server_udp_port" : 0,
			"password" : "s35F7N",
			"method" : "chacha20",
			"protocol" : "origin",
			"protocolparam" : "",
			"obfs" : "plain",
			"obfsparam" : "",
			"remarks_base64" : "5L-E572X5pavIOaWsOilv-S8r-WIqeS6muebtOi_ng",
			"group" : "QWQ遊戲加速器",
			"enable" : true,
			"udp_over_tcp" : false,
			"latency" : 172
		},
		{
			"remarks" : "德国 法兰克福 AWS",
			"id" : "22E866971176D4B66258B395A2562D48",
			"server" : "s4.qwqjsq.top",
			"server_port" : 16537,
			"server_udp_port" : 0,
			"password" : "s35F7N",
			"method" : "chacha20",
			"protocol" : "origin",
			"protocolparam" : "",
			"obfs" : "plain",
			"obfsparam" : "",
			"remarks_base64" : "5b635Zu9IOazleWFsOWFi-emjyBBV1M",
			"group" : "QWQ遊戲加速器",
			"enable" : true,
			"udp_over_tcp" : false,
			"latency" : 210
		},
		{
			"remarks" : "新加坡  Azure",
			"id" : "189FF1980AE3C2880002CA5A747DA34B",
			"server" : "s8.qwqjsq.top",
			"server_port" : 16537,
			"server_udp_port" : 0,
			"password" : "s35F7N",
			"method" : "chacha20",
			"protocol" : "origin",
			"protocolparam" : "",
			"obfs" : "plain",
			"obfsparam" : "",
			"remarks_base64" : "5paw5Yqg5Z2hICBBenVyZQ",
			"group" : "QWQ遊戲加速器",
			"enable" : true,
			"udp_over_tcp" : false,
			"latency" : 108
		},
		{
			"remarks" : "日本 埼玉1 Azure",
			"id" : "A843E2F08DFB84E63159C8B633BD89B4",
			"server" : "s1.qwqjsq.top",
			"server_port" : 16537,
			"server_udp_port" : 0,
			"password" : "s35F7N",
			"method" : "chacha20",
			"protocol" : "origin",
			"protocolparam" : "",
			"obfs" : "plain",
			"obfsparam" : "",
			"remarks_base64" : "5pel5pysIOWfvOeOiTEgQXp1cmU",
			"group" : "QWQ遊戲加速器",
			"enable" : true,
			"udp_over_tcp" : false,
			"latency" : 65
		},
		{
			"remarks" : "日本 埼玉2 Azure",
			"id" : "C3935341EA684B595CDF35497D9B9482",
			"server" : "s1.qwqjsq.top",
			"server_port" : 16537,
			"server_udp_port" : 0,
			"password" : "s35F7N",
			"method" : "chacha20",
			"protocol" : "origin",
			"protocolparam" : "",
			"obfs" : "plain",
			"obfsparam" : "",
			"remarks_base64" : "5pel5pysIOWfvOeOiTIgQXp1cmU",
			"group" : "QWQ遊戲加速器",
			"enable" : true,
			"udp_over_tcp" : false,
			"latency" : 66
		},
		{
			"remarks" : "日本 埼玉2 Azure",
			"id" : "72467F70494F03C82EBB9CBF86F150A2",
			"server" : "s1.qwqjsq.top",
			"server_port" : 16537,
			"server_udp_port" : 0,
			"password" : "s35F7N",
			"method" : "chacha20",
			"protocol" : "origin",
			"protocolparam" : "",
			"obfs" : "plain",
			"obfsparam" : "",
			"remarks_base64" : "5pel5pysIOWfvOeOiTIgQXp1cmU",
			"group" : "QWQ遊戲加速器",
			"enable" : true,
			"udp_over_tcp" : false,
			"latency" : 67
		},
		{
			"remarks" : "日本 埼玉3 Azure",
			"id" : "2F5471E007F4A0226E7223FA00505036",
			"server" : "s1.qwqjsq.top",
			"server_port" : 16537,
			"server_udp_port" : 0,
			"password" : "s35F7N",
			"method" : "chacha20",
			"protocol" : "origin",
			"protocolparam" : "",
			"obfs" : "plain",
			"obfsparam" : "",
			"remarks_base64" : "5pel5pysIOWfvOeOiTMgQXp1cmU",
			"group" : "QWQ遊戲加速器",
			"enable" : true,
			"udp_over_tcp" : false,
			"latency" : 63
		},
		{
			"remarks" : "日本 埼玉4 Azure",
			"id" : "27791311391478F5D81A8868849354A1",
			"server" : "s1.qwqjsq.top",
			"server_port" : 16537,
			"server_udp_port" : 0,
			"password" : "s35F7N",
			"method" : "chacha20",
			"protocol" : "origin",
			"protocolparam" : "",
			"obfs" : "plain",
			"obfsparam" : "",
			"remarks_base64" : "5pel5pysIOWfvOeOiTQgQXp1cmU",
			"group" : "QWQ遊戲加速器",
			"enable" : true,
			"udp_over_tcp" : false,
			"latency" : 62
		},
		{
			"remarks" : "剩余流量：100.00% 60GB",
			"id" : "97653C2462E2F631B67DA0773998F4B4",
			"server" : "www.google.com",
			"server_port" : 1,
			"server_udp_port" : 0,
			"password" : "breakwall",
			"method" : "chacha20",
			"protocol" : "auth_chain_a",
			"protocolparam" : "",
			"obfs" : "tls1.2_ticket_auth",
			"obfsparam" : "",
			"remarks_base64" : "5Ymp5L2Z5rWB6YeP77yaMTAwLjAwJSA2MEdC",
			"group" : "QWQ遊戲加速器",
			"enable" : true,
			"udp_over_tcp" : false,
			"latency" : -2
		},
		{
			"remarks" : "过期时间：2019-04-09 16:48:44",
			"id" : "7DF5C3247EDFDC6C97C9BB63663A902D",
			"server" : "www.google.com",
			"server_port" : 2,
			"server_udp_port" : 0,
			"password" : "breakwall",
			"method" : "chacha20",
			"protocol" : "auth_chain_a",
			"protocolparam" : "",
			"obfs" : "tls1.2_ticket_auth",
			"obfsparam" : "",
			"remarks_base64" : "6L-H5pyf5pe26Ze077yaMjAxOS0wNC0wOSAxNjo0ODo0NA",
			"group" : "QWQ遊戲加速器",
			"enable" : true,
			"udp_over_tcp" : false,
			"latency" : -2
		},
		{
			"remarks" : "1.自动分配",
			"id" : "994BC0DFE24CD166EBB61214BE93F767",
			"server" : "auto.qwqjsq.top",
			"server_port" : 16537,
			"server_udp_port" : 0,
			"password" : "s35F7N",
			"method" : "chacha20",
			"protocol" : "origin",
			"protocolparam" : "",
			"obfs" : "plain",
			"obfsparam" : "",
			"remarks_base64" : "MS7oh6rliqjliIbphY0",
			"group" : "QWQ遊戲加速器",
			"enable" : true,
			"udp_over_tcp" : false,
			"latency" : 158
		},
		{
			"remarks" : "【推荐】台湾彰化Hinet",
			"id" : "525C10C6AF58DDE05FAC066DF9C9B7FA",
			"server" : "s3.qwqjsq.top",
			"server_port" : 16537,
			"server_udp_port" : 0,
			"password" : "s35F7N",
			"method" : "chacha20",
			"protocol" : "origin",
			"protocolparam" : "",
			"obfs" : "plain",
			"obfsparam" : "",
			"remarks_base64" : "44CQ5o6o6I2Q44CR5Y-w5rm-5b2w5YyWSGluZXQ",
			"group" : "QWQ遊戲加速器",
			"enable" : true,
			"udp_over_tcp" : false,
			"latency" : 168
		},
		{
			"remarks" : "【推荐】香港HKT",
			"id" : "350F93B28B2FA6E1F844D4CF74387DD0",
			"server" : "s9.qwqjsq.top",
			"server_port" : 16537,
			"server_udp_port" : 0,
			"password" : "s35F7N",
			"method" : "chacha20",
			"protocol" : "origin",
			"protocolparam" : "",
			"obfs" : "plain",
			"obfsparam" : "",
			"remarks_base64" : "44CQ5o6o6I2Q44CR6aaZ5rivSEtU",
			"group" : "QWQ遊戲加速器",
			"enable" : true,
			"udp_over_tcp" : false,
			"latency" : 18
		},
		{
			"remarks" : "中国 深圳專綫中轉起點 - 香港 7 Azure",
			"id" : "0861E9AC9655A53F7A9E82EDB033CE45",
			"server" : "s14.qwqjsq.top",
			"server_port" : 16537,
			"server_udp_port" : 0,
			"password" : "s35F7N",
			"method" : "chacha20",
			"protocol" : "origin",
			"protocolparam" : "",
			"obfs" : "plain",
			"obfsparam" : "",
			"remarks_base64" : "5Lit5Zu9IOa3seWcs-WwiOe2q-S4rei9iei1t-m7niAtIOmmmea4ryA3IEF6dXJl",
			"group" : "QWQ遊戲加速器",
			"enable" : true,
			"udp_over_tcp" : false,
			"latency" : 17
		},
		{
			"remarks" : "俄罗斯 新西伯利亚直连",
			"id" : "DCA215B4902E653A1B18CD6E31FE0E8C",
			"server" : "s12.qwqjsq.top",
			"server_port" : 16537,
			"server_udp_port" : 0,
			"password" : "s35F7N",
			"method" : "chacha20",
			"protocol" : "origin",
			"protocolparam" : "",
			"obfs" : "plain",
			"obfsparam" : "",
			"remarks_base64" : "5L-E572X5pavIOaWsOilv-S8r-WIqeS6muebtOi_ng",
			"group" : "QWQ遊戲加速器",
			"enable" : true,
			"udp_over_tcp" : false,
			"latency" : 143
		},
		{
			"remarks" : "德国 法兰克福 AWS",
			"id" : "220F337F288309812585FEF7CF84619F",
			"server" : "s4.qwqjsq.top",
			"server_port" : 16537,
			"server_udp_port" : 0,
			"password" : "s35F7N",
			"method" : "chacha20",
			"protocol" : "origin",
			"protocolparam" : "",
			"obfs" : "plain",
			"obfsparam" : "",
			"remarks_base64" : "5b635Zu9IOazleWFsOWFi-emjyBBV1M",
			"group" : "QWQ遊戲加速器",
			"enable" : true,
			"udp_over_tcp" : false,
			"latency" : 300
		},
		{
			"remarks" : "新加坡  Azure",
			"id" : "DF57C22C13813F36EF596DE2EA858794",
			"server" : "s8.qwqjsq.top",
			"server_port" : 16537,
			"server_udp_port" : 0,
			"password" : "s35F7N",
			"method" : "chacha20",
			"protocol" : "origin",
			"protocolparam" : "",
			"obfs" : "plain",
			"obfsparam" : "",
			"remarks_base64" : "5paw5Yqg5Z2hICBBenVyZQ",
			"group" : "QWQ遊戲加速器",
			"enable" : true,
			"udp_over_tcp" : false,
			"latency" : 50
		},
		{
			"remarks" : "日本 埼玉1 Azure",
			"id" : "7D3992BDF4CD1FF6ACE2CF8FB12099FD",
			"server" : "s1.qwqjsq.top",
			"server_port" : 16537,
			"server_udp_port" : 0,
			"password" : "s35F7N",
			"method" : "chacha20",
			"protocol" : "origin",
			"protocolparam" : "",
			"obfs" : "plain",
			"obfsparam" : "",
			"remarks_base64" : "5pel5pysIOWfvOeOiTEgQXp1cmU",
			"group" : "QWQ遊戲加速器",
			"enable" : true,
			"udp_over_tcp" : false,
			"latency" : 69
		},
		{
			"remarks" : "日本 埼玉2 Azure",
			"id" : "0B7C672ACEEFC3548D0CFD4F2877C09B",
			"server" : "s1.qwqjsq.top",
			"server_port" : 16537,
			"server_udp_port" : 0,
			"password" : "s35F7N",
			"method" : "chacha20",
			"protocol" : "origin",
			"protocolparam" : "",
			"obfs" : "plain",
			"obfsparam" : "",
			"remarks_base64" : "5pel5pysIOWfvOeOiTIgQXp1cmU",
			"group" : "QWQ遊戲加速器",
			"enable" : true,
			"udp_over_tcp" : false,
			"latency" : 96
		},
		{
			"remarks" : "日本 埼玉3 Azure",
			"id" : "6EFB00693D924C4658AA517C7333B1A4",
			"server" : "s1.qwqjsq.top",
			"server_port" : 16537,
			"server_udp_port" : 0,
			"password" : "s35F7N",
			"method" : "chacha20",
			"protocol" : "origin",
			"protocolparam" : "",
			"obfs" : "plain",
			"obfsparam" : "",
			"remarks_base64" : "5pel5pysIOWfvOeOiTMgQXp1cmU",
			"group" : "QWQ遊戲加速器",
			"enable" : true,
			"udp_over_tcp" : false,
			"latency" : 71
		},
		{
			"remarks" : "日本 埼玉4 Azure",
			"id" : "4EF15A2344EC90168C65E5E482961142",
			"server" : "s1.qwqjsq.top",
			"server_port" : 16537,
			"server_udp_port" : 0,
			"password" : "s35F7N",
			"method" : "chacha20",
			"protocol" : "origin",
			"protocolparam" : "",
			"obfs" : "plain",
			"obfsparam" : "",
			"remarks_base64" : "5pel5pysIOWfvOeOiTQgQXp1cmU",
			"group" : "QWQ遊戲加速器",
			"enable" : true,
			"udp_over_tcp" : false,
			"latency" : 69
		},
		{
			"remarks" : "日本 東京 DIX",
			"id" : "F3F66F488E35283AF48A09EEFE5952A7",
			"server" : "s16.qwqjsq.top",
			"server_port" : 16537,
			"server_udp_port" : 0,
			"password" : "s35F7N",
			"method" : "chacha20",
			"protocol" : "origin",
			"protocolparam" : "",
			"obfs" : "plain",
			"obfsparam" : "",
			"remarks_base64" : "5pel5pysIOadseS6rCBESVg",
			"group" : "QWQ遊戲加速器",
			"enable" : true,
			"udp_over_tcp" : false,
			"latency" : 243
		},
		{
			"remarks" : "澳大利亚 悉尼 AWS",
			"id" : "AFC0F76240920B1CBB95932D8E9E6A1E",
			"server" : "s6.qwqjsq.top",
			"server_port" : 16537,
			"server_udp_port" : 0,
			"password" : "s35F7N",
			"method" : "chacha20",
			"protocol" : "origin",
			"protocolparam" : "",
			"obfs" : "plain",
			"obfsparam" : "",
			"remarks_base64" : "5r6z5aSn5Yip5LqaIOaCieWwvCBBV1M",
			"group" : "QWQ遊戲加速器",
			"enable" : true,
			"udp_over_tcp" : false,
			"latency" : 1393
		},
		{
			"remarks" : "美国 俄勒冈 AWS",
			"id" : "B6D35C906213A8CBE73690F81B669D32",
			"server" : "s7.qwqjsq.top",
			"server_port" : 16537,
			"server_udp_port" : 0,
			"password" : "s35F7N",
			"method" : "chacha20",
			"protocol" : "origin",
			"protocolparam" : "",
			"obfs" : "plain",
			"obfsparam" : "",
			"remarks_base64" : "576O5Zu9IOS_hOWLkuWGiCBBV1M",
			"group" : "QWQ遊戲加速器",
			"enable" : true,
			"udp_over_tcp" : false,
			"latency" : 302
		},
		{
			"remarks" : "美国 洛杉矶Psychz",
			"id" : "67587BAB5A1A79E3361729883AF9B9B9",
			"server" : "s10.qwqjsq.top",
			"server_port" : 16537,
			"server_udp_port" : 0,
			"password" : "s35F7N",
			"method" : "chacha20",
			"protocol" : "origin",
			"protocolparam" : "",
			"obfs" : "plain",
			"obfsparam" : "",
			"remarks_base64" : "576O5Zu9IOa0m-adieeftlBzeWNoeg",
			"group" : "QWQ遊戲加速器",
			"enable" : true,
			"udp_over_tcp" : false,
			"latency" : 165
		},
		{
			"remarks" : "韩国 首尔 AWS",
			"id" : "336557514129FF5C97A2813C6F67B7EA",
			"server" : "s5.qwqjsq.top",
			"server_port" : 16537,
			"server_udp_port" : 0,
			"password" : "s35F7N",
			"method" : "chacha20",
			"protocol" : "origin",
			"protocolparam" : "",
			"obfs" : "plain",
			"obfsparam" : "",
			"remarks_base64" : "6Z-p5Zu9IOmmluWwlCBBV1M",
			"group" : "QWQ遊戲加速器",
			"enable" : true,
			"udp_over_tcp" : false,
			"latency" : 128
		},
		{
			"remarks" : "香港 1 Azure",
			"id" : "0F669994E3B95ACC6475B44420E6316E",
			"server" : "s2.qwqjsq.top",
			"server_port" : 16537,
			"server_udp_port" : 0,
			"password" : "s35F7N",
			"method" : "chacha20",
			"protocol" : "origin",
			"protocolparam" : "",
			"obfs" : "plain",
			"obfsparam" : "",
			"remarks_base64" : "6aaZ5rivIDEgQXp1cmU",
			"group" : "QWQ遊戲加速器",
			"enable" : true,
			"udp_over_tcp" : false,
			"latency" : 13
		},
		{
			"remarks" : "香港 2 Azure",
			"id" : "C08FCD7778A3B908852296DE89AC2F0F",
			"server" : "s2.qwqjsq.top",
			"server_port" : 16537,
			"server_udp_port" : 0,
			"password" : "s35F7N",
			"method" : "chacha20",
			"protocol" : "origin",
			"protocolparam" : "",
			"obfs" : "plain",
			"obfsparam" : "",
			"remarks_base64" : "6aaZ5rivIDIgQXp1cmU",
			"group" : "QWQ遊戲加速器",
			"enable" : true,
			"udp_over_tcp" : false,
			"latency" : 13
		},
		{
			"remarks" : "香港 3 Azure",
			"id" : "46B7C28C0FC025834C84A10636A0807D",
			"server" : "s2.qwqjsq.top",
			"server_port" : 16537,
			"server_udp_port" : 0,
			"password" : "s35F7N",
			"method" : "chacha20",
			"protocol" : "origin",
			"protocolparam" : "",
			"obfs" : "plain",
			"obfsparam" : "",
			"remarks_base64" : "6aaZ5rivIDMgQXp1cmU",
			"group" : "QWQ遊戲加速器",
			"enable" : true,
			"udp_over_tcp" : false,
			"latency" : 13
		},
		{
			"remarks" : "香港 4 Azure",
			"id" : "5A08E7B9581E33015928EF4406C78992",
			"server" : "s2.qwqjsq.top",
			"server_port" : 16537,
			"server_udp_port" : 0,
			"password" : "s35F7N",
			"method" : "chacha20",
			"protocol" : "origin",
			"protocolparam" : "",
			"obfs" : "plain",
			"obfsparam" : "",
			"remarks_base64" : "6aaZ5rivIDQgQXp1cmU",
			"group" : "QWQ遊戲加速器",
			"enable" : true,
			"udp_over_tcp" : false,
			"latency" : 14
		},
		{
			"remarks" : "香港 5 Azure",
			"id" : "1D3ED3E9F13377F231B1509935D6FB36",
			"server" : "s2.qwqjsq.top",
			"server_port" : 16537,
			"server_udp_port" : 0,
			"password" : "s35F7N",
			"method" : "chacha20",
			"protocol" : "origin",
			"protocolparam" : "",
			"obfs" : "plain",
			"obfsparam" : "",
			"remarks_base64" : "6aaZ5rivIDUgQXp1cmU",
			"group" : "QWQ遊戲加速器",
			"enable" : true,
			"udp_over_tcp" : false,
			"latency" : 13
		},
		{
			"remarks" : "香港 6 Azure",
			"id" : "7A0E7B18AE0DBDF2921E205A5206D1A6",
			"server" : "s2.qwqjsq.top",
			"server_port" : 16537,
			"server_udp_port" : 0,
			"password" : "s35F7N",
			"method" : "chacha20",
			"protocol" : "origin",
			"protocolparam" : "",
			"obfs" : "plain",
			"obfsparam" : "",
			"remarks_base64" : "6aaZ5rivIDYgQXp1cmU",
			"group" : "QWQ遊戲加速器",
			"enable" : true,
			"udp_over_tcp" : false,
			"latency" : 15
		},
		{
			"remarks" : "香港 7 Azure",
			"id" : "398CC7DE2F0CB4ED1B57FCB69DA32F11",
			"server" : "s2.qwqjsq.top",
			"server_port" : 16537,
			"server_udp_port" : 0,
			"password" : "s35F7N",
			"method" : "chacha20",
			"protocol" : "origin",
			"protocolparam" : "",
			"obfs" : "plain",
			"obfsparam" : "",
			"remarks_base64" : "6aaZ5rivIDcgQXp1cmU",
			"group" : "QWQ遊戲加速器",
			"enable" : true,
			"udp_over_tcp" : false,
			"latency" : 26
		},
		{
			"remarks" : "日本 東京 DIX",
			"id" : "4BCF68DD165153AF212703341D406DF1",
			"server" : "s16.qwqjsq.top",
			"server_port" : 16537,
			"server_udp_port" : 0,
			"password" : "s35F7N",
			"method" : "chacha20",
			"protocol" : "origin",
			"protocolparam" : "",
			"obfs" : "plain",
			"obfsparam" : "",
			"remarks_base64" : "5pel5pysIOadseS6rCBESVg",
			"group" : "QWQ遊戲加速器",
			"enable" : true,
			"udp_over_tcp" : false,
			"latency" : 219
		},
		{
			"remarks" : "澳大利亚 悉尼 AWS",
			"id" : "359A8B797AEC86625CE594479C23BF53",
			"server" : "s6.qwqjsq.top",
			"server_port" : 16537,
			"server_udp_port" : 0,
			"password" : "s35F7N",
			"method" : "chacha20",
			"protocol" : "origin",
			"protocolparam" : "",
			"obfs" : "plain",
			"obfsparam" : "",
			"remarks_base64" : "5r6z5aSn5Yip5LqaIOaCieWwvCBBV1M",
			"group" : "QWQ遊戲加速器",
			"enable" : true,
			"udp_over_tcp" : false,
			"latency" : 315
		},
		{
			"remarks" : "澳大利亚 悉尼 AWS",
			"id" : "FBC1AA7D5D2FF1D85F0E5CFD86A5F0D5",
			"server" : "s6.qwqjsq.top",
			"server_port" : 16537,
			"server_udp_port" : 0,
			"password" : "s35F7N",
			"method" : "chacha20",
			"protocol" : "origin",
			"protocolparam" : "",
			"obfs" : "plain",
			"obfsparam" : "",
			"remarks_base64" : "5r6z5aSn5Yip5LqaIOaCieWwvCBBV1M",
			"group" : "QWQ遊戲加速器",
			"enable" : true,
			"udp_over_tcp" : false,
			"latency" : 322
		},
		{
			"remarks" : "美国 俄勒冈 AWS",
			"id" : "D982A21259B3F89CCC067DEE160A37E4",
			"server" : "s7.qwqjsq.top",
			"server_port" : 16537,
			"server_udp_port" : 0,
			"password" : "s35F7N",
			"method" : "chacha20",
			"protocol" : "origin",
			"protocolparam" : "",
			"obfs" : "plain",
			"obfsparam" : "",
			"remarks_base64" : "576O5Zu9IOS_hOWLkuWGiCBBV1M",
			"group" : "QWQ遊戲加速器",
			"enable" : true,
			"udp_over_tcp" : false,
			"latency" : 304
		},
		{
			"remarks" : "美国 俄勒冈 AWS",
			"id" : "E08BD2058B2BFBABCF0701A46CB26C64",
			"server" : "s7.qwqjsq.top",
			"server_port" : 16537,
			"server_udp_port" : 0,
			"password" : "s35F7N",
			"method" : "chacha20",
			"protocol" : "origin",
			"protocolparam" : "",
			"obfs" : "plain",
			"obfsparam" : "",
			"remarks_base64" : "576O5Zu9IOS_hOWLkuWGiCBBV1M",
			"group" : "QWQ遊戲加速器",
			"enable" : true,
			"udp_over_tcp" : false,
			"latency" : 309
		},
		{
			"remarks" : "美国 洛杉矶Psychz",
			"id" : "254246EEA461E347E871A95ED44EDD99",
			"server" : "s10.qwqjsq.top",
			"server_port" : 16537,
			"server_udp_port" : 0,
			"password" : "s35F7N",
			"method" : "chacha20",
			"protocol" : "origin",
			"protocolparam" : "",
			"obfs" : "plain",
			"obfsparam" : "",
			"remarks_base64" : "576O5Zu9IOa0m-adieeftlBzeWNoeg",
			"group" : "QWQ遊戲加速器",
			"enable" : true,
			"udp_over_tcp" : false,
			"latency" : 166
		},
		{
			"remarks" : "韩国 首尔 AWS",
			"id" : "CFBD9937118EDA8BA1E20CB99FCFCBAE",
			"server" : "s5.qwqjsq.top",
			"server_port" : 16537,
			"server_udp_port" : 0,
			"password" : "s35F7N",
			"method" : "chacha20",
			"protocol" : "origin",
			"protocolparam" : "",
			"obfs" : "plain",
			"obfsparam" : "",
			"remarks_base64" : "6Z-p5Zu9IOmmluWwlCBBV1M",
			"group" : "QWQ遊戲加速器",
			"enable" : true,
			"udp_over_tcp" : false,
			"latency" : 138
		},
		{
			"remarks" : "韩国 首尔 AWS",
			"id" : "8261064100C51076FC1BA5D0F0DB3F8C",
			"server" : "s5.qwqjsq.top",
			"server_port" : 16537,
			"server_udp_port" : 0,
			"password" : "s35F7N",
			"method" : "chacha20",
			"protocol" : "origin",
			"protocolparam" : "",
			"obfs" : "plain",
			"obfsparam" : "",
			"remarks_base64" : "6Z-p5Zu9IOmmluWwlCBBV1M",
			"group" : "QWQ遊戲加速器",
			"enable" : true,
			"udp_over_tcp" : false,
			"latency" : 92
		},
		{
			"remarks" : "香港 1 Azure",
			"id" : "D2FE50BB3E59F17061BB517D77161C3C",
			"server" : "s2.qwqjsq.top",
			"server_port" : 16537,
			"server_udp_port" : 0,
			"password" : "s35F7N",
			"method" : "chacha20",
			"protocol" : "origin",
			"protocolparam" : "",
			"obfs" : "plain",
			"obfsparam" : "",
			"remarks_base64" : "6aaZ5rivIDEgQXp1cmU",
			"group" : "QWQ遊戲加速器",
			"enable" : true,
			"udp_over_tcp" : false,
			"latency" : 13
		},
		{
			"remarks" : "香港 2 Azure",
			"id" : "D0B9CE3C4364E53FC499DDCC84D48129",
			"server" : "s2.qwqjsq.top",
			"server_port" : 16537,
			"server_udp_port" : 0,
			"password" : "s35F7N",
			"method" : "chacha20",
			"protocol" : "origin",
			"protocolparam" : "",
			"obfs" : "plain",
			"obfsparam" : "",
			"remarks_base64" : "6aaZ5rivIDIgQXp1cmU",
			"group" : "QWQ遊戲加速器",
			"enable" : true,
			"udp_over_tcp" : false,
			"latency" : 14
		},
		{
			"remarks" : "香港 3 Azure",
			"id" : "BE478C0B4A0E66B7D48361E4D24A5FCF",
			"server" : "s2.qwqjsq.top",
			"server_port" : 16537,
			"server_udp_port" : 0,
			"password" : "s35F7N",
			"method" : "chacha20",
			"protocol" : "origin",
			"protocolparam" : "",
			"obfs" : "plain",
			"obfsparam" : "",
			"remarks_base64" : "6aaZ5rivIDMgQXp1cmU",
			"group" : "QWQ遊戲加速器",
			"enable" : true,
			"udp_over_tcp" : false,
			"latency" : 13
		},
		{
			"remarks" : "香港 4 Azure",
			"id" : "4F6C527466B94C98602AB04A06C97355",
			"server" : "s2.qwqjsq.top",
			"server_port" : 16537,
			"server_udp_port" : 0,
			"password" : "s35F7N",
			"method" : "chacha20",
			"protocol" : "origin",
			"protocolparam" : "",
			"obfs" : "plain",
			"obfsparam" : "",
			"remarks_base64" : "6aaZ5rivIDQgQXp1cmU",
			"group" : "QWQ遊戲加速器",
			"enable" : true,
			"udp_over_tcp" : false,
			"latency" : 14
		},
		{
			"remarks" : "香港 5 Azure",
			"id" : "F23C04ACEEB7EBB8B539AD8CB65FC1BC",
			"server" : "s2.qwqjsq.top",
			"server_port" : 16537,
			"server_udp_port" : 0,
			"password" : "s35F7N",
			"method" : "chacha20",
			"protocol" : "origin",
			"protocolparam" : "",
			"obfs" : "plain",
			"obfsparam" : "",
			"remarks_base64" : "6aaZ5rivIDUgQXp1cmU",
			"group" : "QWQ遊戲加速器",
			"enable" : true,
			"udp_over_tcp" : false,
			"latency" : 14
		},
		{
			"remarks" : "香港 6 Azure",
			"id" : "592AD35B15A0C6DDC1A046C0940FB327",
			"server" : "s2.qwqjsq.top",
			"server_port" : 16537,
			"server_udp_port" : 0,
			"password" : "s35F7N",
			"method" : "chacha20",
			"protocol" : "origin",
			"protocolparam" : "",
			"obfs" : "plain",
			"obfsparam" : "",
			"remarks_base64" : "6aaZ5rivIDYgQXp1cmU",
			"group" : "QWQ遊戲加速器",
			"enable" : true,
			"udp_over_tcp" : false,
			"latency" : 37
		},
		{
			"remarks" : "香港 7 Azure",
			"id" : "15C048A324F8BEFFD019332FA462C622",
			"server" : "s2.qwqjsq.top",
			"server_port" : 16537,
			"server_udp_port" : 0,
			"password" : "s35F7N",
			"method" : "chacha20",
			"protocol" : "origin",
			"protocolparam" : "",
			"obfs" : "plain",
			"obfsparam" : "",
			"remarks_base64" : "6aaZ5rivIDcgQXp1cmU",
			"group" : "QWQ遊戲加速器",
			"enable" : true,
			"udp_over_tcp" : false,
			"latency" : 17
		}
	],
	"index" : 28,
	"random" : false,
	"sysProxyMode" : 3,
	"shareOverLan" : false,
	"localPort" : 1080,
	"localAuthPassword" : "TJJszEi9B2QVVTVBXePD",
	"localDnsServer" : "",
	"dnsServer" : "",
	"reconnectTimes" : 2,
	"balanceAlgorithm" : "LowException",
	"randomInGroup" : false,
	"TTL" : 0,
	"connectTimeout" : 5,
	"proxyRuleMode" : 2,
	"proxyEnable" : false,
	"pacDirectGoProxy" : false,
	"proxyType" : 0,
	"proxyHost" : null,
	"proxyPort" : 0,
	"proxyAuthUser" : null,
	"proxyAuthPass" : null,
	"proxyUserAgent" : null,
	"authUser" : null,
	"authPass" : null,
	"autoBan" : false,
	"sameHostForSameTarget" : true,
	"keepVisitTime" : 180,
	"isHideTips" : false,
	"nodeFeedAutoUpdate" : false,
	"serverSubscribes" : [
		{
			"URL" : "https://www.qwqjsq.com/link/3fcvYIVwSe6QxCRi?mu=0",
			"Group" : "",
			"LastUpdateTime" : 0
		}
	],
	"token" : {

	},
	"portMap" : {

	}
}